{"cameraMode":{"drawMode":0,"name":"Shaded","section":"Shading Mode"},"sceneLighting":true,"audioPlay":false,"sceneViewState":{"m_AlwaysRefresh":false,"showFog":true,"showSkybox":true,"showFlares":true,"showImageEffects":true,"showParticleSystems":true,"showVisualEffectGraphs":true,"m_FxEnabled":true},"in2DMode":false,"pivot":{"x":-2.0209152698516847,"y":-0.9368031024932861,"z":-1.3112514019012452},"rotation":{"x":0.15076319873332978,"y":-0.8491223454475403,"z":0.365526407957077,"w":0.35022249817848208},"size":2.0665671825408937,"orthographic":false}